P,P,C,1B,2B,3B,SS,OF,OF,OF,,Instructions
,,,,,,,,,,,1. Locate the player you want to select in the list below 
,,,,,,,,,,,2. Copy the ID of your player (you can use the Name + ID column or the ID column) 
,,,,,,,,,,,3. Paste the ID into the roster position desired 
,,,,,,,,,,,4. You must include an ID for each player; you cannot use just the player's name 
,,,,,,,,,,,5. You can create up to 500 lineups per file 
 
,,,,,,,,,,,Position,Name + ID,Name,ID,Roster Position,Salary,Game Info,TeamAbbrev,AvgPointsPerGame
,,,,,,,,,,,SP,Dylan Cease (44217739),Dylan Cease,44217739,P,10500,TOR@BAL 09/21/2026 06:35PM ET,TOR,24.27
,,,,,,,,,,,SP,Taj Bradley (44217740),Taj Bradley,44217740,P,9100,MIN@SF 09/21/2026 09:45PM ET,MIN,18.47
,,,,,,,,,,,SP,Joe Ryan (44217741),Joe Ryan,44217741,P,9100,MIN@SF 09/21/2026 09:45PM ET,MIN,15.52
,,,,,,,,,,,SP,Cade Cavalli (44217742),Cade Cavalli,44217742,P,9000,WSH@DET 09/21/2026 06:40PM ET,WSH,18.52
,,,,,,,,,,,SP,Troy Melton (44217743),Troy Melton,44217743,P,8800,WSH@DET 09/21/2026 06:40PM ET,DET,16.41
,,,,,,,,,,,SP,Mick Abel (44217744),Mick Abel,44217744,P,8600,MIN@SF 09/21/2026 09:45PM ET,MIN,14.19
,,,,,,,,,,,SP,Trey Yesavage (44217582),Trey Yesavage,44217582,P,8500,TOR@BAL 09/21/2026 06:35PM ET,TOR,15.08
,,,,,,,,,,,SP,Jose Soriano (44217745),Jose Soriano,44217745,P,8500,TOR@BAL 09/21/2026 06:35PM ET,TOR,15.83
,,,,,,,,,,,SP,Landen Roupp (44217583),Landen Roupp,44217583,P,8200,MIN@SF 09/21/2026 09:45PM ET,SF,14.11
,,,,,,,,,,,SP,Logan Webb (44217746),Logan Webb,44217746,P,8200,MIN@SF 09/21/2026 09:45PM ET,SF,14.39
,,,,,,,,,,,SP,Shane Baz (44217584),Shane Baz,44217584,P,8000,TOR@BAL 09/21/2026 06:35PM ET,BAL,14.10
,,,,,,,,,,,SP,Trevor Rogers (44217747),Trevor Rogers,44217747,P,8000,TOR@BAL 09/21/2026 06:35PM ET,BAL,15.50
,,,,,,,,,,,SP,Zach Eflin (44217750),Zach Eflin,44217750,P,8000,TOR@BAL 09/21/2026 06:35PM ET,BAL,16.65
,,,,,,,,,,,SP,Connelly Early (44217748),Connelly Early,44217748,P,8000,WSH@DET 09/21/2026 06:40PM ET,WSH,16.23
,,,,,,,,,,,RP,Andrew Alvarez (44217749),Andrew Alvarez,44217749,P,8000,WSH@DET 09/21/2026 06:40PM ET,WSH,12.76
,,,,,,,,,,,SP,Drew Anderson (44217585),Drew Anderson,44217585,P,7800,WSH@DET 09/21/2026 06:40PM ET,DET,6.32
,,,,,,,,,,,SP,River Ryan (44217751),River Ryan,44217751,P,7800,WSH@DET 09/21/2026 06:40PM ET,DET,0
,,,,,,,,,,,SP,Reese Olson (44217752),Reese Olson,44217752,P,7800,WSH@DET 09/21/2026 06:40PM ET,DET,0
,,,,,,,,,,,SP,Keider Montero (44217753),Keider Montero,44217753,P,7800,WSH@DET 09/21/2026 06:40PM ET,DET,11.66
,,,,,,,,,,,SP,Jose Berrios (44217754),Jose Berrios,44217754,P,7500,TOR@BAL 09/21/2026 06:35PM ET,TOR,0
,,,,,,,,,,,SP,Spencer Arrighetti (44217755),Spencer Arrighetti,44217755,P,7500,TOR@BAL 09/21/2026 06:35PM ET,TOR,11.42
,,,,,,,,,,,SP,Max Scherzer (44217756),Max Scherzer,44217756,P,7500,TOR@BAL 09/21/2026 06:35PM ET,TOR,7.81
,,,,,,,,,,,SP,Shane Bieber (44217757),Shane Bieber,44217757,P,7500,TOR@BAL 09/21/2026 06:35PM ET,TOR,11.75
,,,,,,,,,,,RP,Framber Valdez (44217758),Framber Valdez,44217758,P,7300,WSH@DET 09/21/2026 06:40PM ET,DET,12.66
,,,,,,,,,,,SP,Jack Flaherty (44217759),Jack Flaherty,44217759,P,7300,WSH@DET 09/21/2026 06:40PM ET,DET,12.89
,,,,,,,,,,,RP,Anthony Molina (44217760),Anthony Molina,44217760,P,7200,MIN@SF 09/21/2026 09:45PM ET,SF,10.05
,,,,,,,,,,,SP,Bailey Ober (44217586),Bailey Ober,44217586,P,7100,MIN@SF 09/21/2026 09:45PM ET,MIN,11.83
,,,,,,,,,,,SP,Connor Prielipp (44217761),Connor Prielipp,44217761,P,7100,MIN@SF 09/21/2026 09:45PM ET,MIN,13.69
,,,,,,,,,,,SP,Pablo Lopez (44217762),Pablo Lopez,44217762,P,7100,MIN@SF 09/21/2026 09:45PM ET,MIN,0
,,,,,,,,,,,SP,Zebby Matthews (44217763),Zebby Matthews,44217763,P,7100,MIN@SF 09/21/2026 09:45PM ET,MIN,13.82
,,,,,,,,,,,RP,Kendry Rojas (44217764),Kendry Rojas,44217764,P,7100,MIN@SF 09/21/2026 09:45PM ET,MIN,7.43
,,,,,,,,,,,SP,Dean Kremer (44217765),Dean Kremer,44217765,P,7100,MIN@SF 09/21/2026 09:45PM ET,MIN,13.43
,,,,,,,,,,,SP,Brandon Young (44217766),Brandon Young,44217766,P,7000,TOR@BAL 09/21/2026 06:35PM ET,BAL,13.95
,,,,,,,,,,,SP,Chris Bassitt (44217767),Chris Bassitt,44217767,P,7000,TOR@BAL 09/21/2026 06:35PM ET,BAL,10.47
,,,,,,,,,,,SP,Kyle Bradish (44217768),Kyle Bradish,44217768,P,7000,TOR@BAL 09/21/2026 06:35PM ET,BAL,12.99
,,,,,,,,,,,SP,Cade Povich (44217769),Cade Povich,44217769,P,7000,TOR@BAL 09/21/2026 06:35PM ET,BAL,9.71
,,,,,,,,,,,SP,Andrew Sears (44217770),Andrew Sears,44217770,P,6800,WSH@DET 09/21/2026 06:40PM ET,DET,5.4
,,,,,,,,,,,SP,Justin Verlander (44217771),Justin Verlander,44217771,P,6800,WSH@DET 09/21/2026 06:40PM ET,DET,-4.55
,,,,,,,,,,,SP,Jackson Jobe (44217772),Jackson Jobe,44217772,P,6800,WSH@DET 09/21/2026 06:40PM ET,DET,14.71
,,,,,,,,,,,SP,Cody Ponce (44217773),Cody Ponce,44217773,P,6500,TOR@BAL 09/21/2026 06:35PM ET,TOR,8.05
,,,,,,,,,,,SP,Patrick Corbin (44217774),Patrick Corbin,44217774,P,6500,TOR@BAL 09/21/2026 06:35PM ET,TOR,7.50
,,,,,,,,,,,SP,Jameson Taillon (44217775),Jameson Taillon,44217775,P,6500,TOR@BAL 09/21/2026 06:35PM ET,TOR,9.67
,,,,,,,,,,,SP,Carson Whisenhunt (44217776),Carson Whisenhunt,44217776,P,6200,MIN@SF 09/21/2026 09:45PM ET,SF,6.78
,,,,,,,,,,,RP,Trevor McDonald (44217777),Trevor McDonald,44217777,P,6200,MIN@SF 09/21/2026 09:45PM ET,SF,10.13
,,,,,,,,,,,SP,Blade Tidwell (44217778),Blade Tidwell,44217778,P,6200,MIN@SF 09/21/2026 09:45PM ET,SF,7
,,,,,,,,,,,SP,Adrian Houser (44217779),Adrian Houser,44217779,P,6200,MIN@SF 09/21/2026 09:45PM ET,SF,8.71
,,,,,,,,,,,SP,Jackson Kent (44217587),Jackson Kent,44217587,P,6000,WSH@DET 09/21/2026 06:40PM ET,WSH,7.22
,,,,,,,,,,,OF,James Wood (44217588),James Wood,44217588,OF,6000,WSH@DET 09/21/2026 06:40PM ET,WSH,10.34
,,,,,,,,,,,SP,Jake Irvin (44217780),Jake Irvin,44217780,P,6000,WSH@DET 09/21/2026 06:40PM ET,WSH,11.14
,,,,,,,,,,,RP,Zak Kent (44217781),Zak Kent,44217781,P,6000,WSH@DET 09/21/2026 06:40PM ET,WSH,2.23
,,,,,,,,,,,SP,Josiah Gray (44217782),Josiah Gray,44217782,P,6000,WSH@DET 09/21/2026 06:40PM ET,WSH,1.65
,,,,,,,,,,,1B,Pete Alonso (44217589),Pete Alonso,44217589,1B,5700,TOR@BAL 09/21/2026 06:35PM ET,BAL,8.80
,,,,,,,,,,,SP,Miguel Mendez (44217783),Miguel Mendez,44217783,P,5700,MIN@SF 09/21/2026 09:45PM ET,SF,0
,,,,,,,,,,,SP,Keaton Winn (44217784),Keaton Winn,44217784,P,5700,MIN@SF 09/21/2026 09:45PM ET,SF,2.42
,,,,,,,,,,,RP,Jose Butto (44217785),Jose Butto,44217785,P,5700,MIN@SF 09/21/2026 09:45PM ET,SF,-0.5
,,,,,,,,,,,RP,JT Brubaker (44217786),JT Brubaker,44217786,P,5700,MIN@SF 09/21/2026 09:45PM ET,SF,2.92
,,,,,,,,,,,RP,Carson Seymour (44217787),Carson Seymour,44217787,P,5700,MIN@SF 09/21/2026 09:45PM ET,SF,2.08
,,,,,,,,,,,RP,Tristan Beck (44217788),Tristan Beck,44217788,P,5700,MIN@SF 09/21/2026 09:45PM ET,SF,0.7
,,,,,,,,,,,RP,Dylan Smith (44217789),Dylan Smith,44217789,P,5700,MIN@SF 09/21/2026 09:45PM ET,SF,2.66
,,,,,,,,,,,RP,Matt Wilkinson (44217790),Matt Wilkinson,44217790,P,5700,MIN@SF 09/21/2026 09:45PM ET,SF,8.64
,,,,,,,,,,,RP,Cesar Perdomo (44217791),Cesar Perdomo,44217791,P,5700,MIN@SF 09/21/2026 09:45PM ET,SF,8.52
,,,,,,,,,,,RP,Hayden Birdsong (44217792),Hayden Birdsong,44217792,P,5700,MIN@SF 09/21/2026 09:45PM ET,SF,0
,,,,,,,,,,,RP,Jack Anderson (44217793),Jack Anderson,44217793,P,5600,MIN@SF 09/21/2026 09:45PM ET,MIN,5.99
,,,,,,,,,,,RP,Yoendrys Gomez (44217794),Yoendrys Gomez,44217794,P,5600,MIN@SF 09/21/2026 09:45PM ET,MIN,2.42
,,,,,,,,,,,RP,Marco Raya (44217795),Marco Raya,44217795,P,5600,MIN@SF 09/21/2026 09:45PM ET,MIN,4.23
,,,,,,,,,,,RP,Mike Paredes (44217796),Mike Paredes,44217796,P,5600,MIN@SF 09/21/2026 09:45PM ET,MIN,5.34
,,,,,,,,,,,SP,David Festa (44217797),David Festa,44217797,P,5600,MIN@SF 09/21/2026 09:45PM ET,MIN,0
,,,,,,,,,,,RP,Luis De Leon (44217798),Luis De Leon,44217798,P,5500,TOR@BAL 09/21/2026 06:35PM ET,BAL,3.13
,,,,,,,,,,,RP,Keegan Akin (44217799),Keegan Akin,44217799,P,5500,TOR@BAL 09/21/2026 06:35PM ET,BAL,1.53
,,,,,,,,,,,SP,Jake Bloss (44217800),Jake Bloss,44217800,P,5500,TOR@BAL 09/21/2026 06:35PM ET,TOR,0
,,,,,,,,,,,SP,Ricky Tiedemann (44217801),Ricky Tiedemann,44217801,P,5500,TOR@BAL 09/21/2026 06:35PM ET,TOR,4.06
,,,,,,,,,,,RP,Mason Fluharty (44217802),Mason Fluharty,44217802,P,5500,TOR@BAL 09/21/2026 06:35PM ET,TOR,2.49
,,,,,,,,,,,RP,Spencer Miles (44217803),Spencer Miles,44217803,P,5500,TOR@BAL 09/21/2026 06:35PM ET,TOR,6.32
,,,,,,,,,,,RP,Bowden Francis (44217804),Bowden Francis,44217804,P,5500,TOR@BAL 09/21/2026 06:35PM ET,TOR,0
,,,,,,,,,,,SP,Trey Gibson (44217805),Trey Gibson,44217805,P,5500,TOR@BAL 09/21/2026 06:35PM ET,BAL,5.73
,,,,,,,,,,,RP,Braydon Fisher (44217806),Braydon Fisher,44217806,P,5500,TOR@BAL 09/21/2026 06:35PM ET,TOR,2.89
,,,,,,,,,,,2B/SS,CJ Abrams (44217590),CJ Abrams,44217590,2B/SS,5500,WSH@DET 09/21/2026 06:40PM ET,WSH,9.59
,,,,,,,,,,,3B/SS,Kevin McGonigle (44217592),Kevin McGonigle,44217592,3B/SS,5300,WSH@DET 09/21/2026 06:40PM ET,DET,8.34
,,,,,,,,,,,SP,Jake Miller (44217807),Jake Miller,44217807,P,5300,WSH@DET 09/21/2026 06:40PM ET,DET,0
,,,,,,,,,,,RP,Ty Madden (44217808),Ty Madden,44217808,P,5300,WSH@DET 09/21/2026 06:40PM ET,DET,6.61
,,,,,,,,,,,RP,Yilber Diaz (44217809),Yilber Diaz,44217809,P,5300,WSH@DET 09/21/2026 06:40PM ET,DET,-1.34
,,,,,,,,,,,RP,Tyler Holton (44217810),Tyler Holton,44217810,P,5300,WSH@DET 09/21/2026 06:40PM ET,DET,2.69
,,,,,,,,,,,RP,Sawyer Gipson-Long (44217811),Sawyer Gipson-Long,44217811,P,5300,WSH@DET 09/21/2026 06:40PM ET,DET,0
,,,,,,,,,,,SS,Gunnar Henderson (44217594),Gunnar Henderson,44217594,SS,5100,TOR@BAL 09/21/2026 06:35PM ET,BAL,7.39
,,,,,,,,,,,OF,Riley Greene (44217595),Riley Greene,44217595,OF,5000,WSH@DET 09/21/2026 06:40PM ET,DET,8.12
,,,,,,,,,,,SP,Chase Hampton (44217812),Chase Hampton,44217812,P,5000,WSH@DET 09/21/2026 06:40PM ET,WSH,0
,,,,,,,,,,,SP,DJ Herz (44217813),DJ Herz,44217813,P,5000,WSH@DET 09/21/2026 06:40PM ET,WSH,0
,,,,,,,,,,,SP,Mitchell Parker (44217814),Mitchell Parker,44217814,P,5000,WSH@DET 09/21/2026 06:40PM ET,WSH,3.42
,,,,,,,,,,,RP,Eddy Yean (44217815),Eddy Yean,44217815,P,5000,WSH@DET 09/21/2026 06:40PM ET,WSH,3.27
,,,,,,,,,,,RP,Will Dion (44217816),Will Dion,44217816,P,5000,WSH@DET 09/21/2026 06:40PM ET,WSH,5.37
,,,,,,,,,,,SP,Luis Perales (44217817),Luis Perales,44217817,P,5000,WSH@DET 09/21/2026 06:40PM ET,WSH,2.33
,,,,,,,,,,,RP,Matt Waldron (44217818),Matt Waldron,44217818,P,5000,WSH@DET 09/21/2026 06:40PM ET,WSH,3.88
,,,,,,,,,,,RP,Paxton Schultz (44217819),Paxton Schultz,44217819,P,5000,WSH@DET 09/21/2026 06:40PM ET,WSH,2.29
,,,,,,,,,,,SP,Ken Waldichuk (44217820),Ken Waldichuk,44217820,P,5000,WSH@DET 09/21/2026 06:40PM ET,WSH,2.8
,,,,,,,,,,,RP,Jared Simpson (44217821),Jared Simpson,44217821,P,5000,WSH@DET 09/21/2026 06:40PM ET,WSH,1.74
,,,,,,,,,,,RP,Carson Palmquist (44217822),Carson Palmquist,44217822,P,5000,WSH@DET 09/21/2026 06:40PM ET,WSH,1.78
,,,,,,,,,,,OF,George Springer (44217596),George Springer,44217596,OF,4900,TOR@BAL 09/21/2026 06:35PM ET,TOR,7.15
,,,,,,,,,,,3B,Christian Encarnacion-Strand (44217597),Christian Encarnacion-Strand,44217597,3B,4800,TOR@BAL 09/21/2026 06:35PM ET,BAL,7.20
,,,,,,,,,,,C,Ryan Jeffers (44217598),Ryan Jeffers,44217598,C,4700,MIN@SF 09/21/2026 09:45PM ET,MIN,7.72
,,,,,,,,,,,1B,Vladimir Guerrero Jr. (44217599),Vladimir Guerrero Jr.,44217599,1B,4600,TOR@BAL 09/21/2026 06:35PM ET,TOR,6.66
,,,,,,,,,,,OF,Daylen Lile (44217600),Daylen Lile,44217600,OF,4500,WSH@DET 09/21/2026 06:40PM ET,WSH,7.78
,,,,,,,,,,,2B,Kody Clemens (44217601),Kody Clemens,44217601,2B,4500,MIN@SF 09/21/2026 09:45PM ET,MIN,7.50
,,,,,,,,,,,3B,Coby Mayo (44217603),Coby Mayo,44217603,3B,4400,TOR@BAL 09/21/2026 06:35PM ET,BAL,6.58
,,,,,,,,,,,C,Dillon Dingler (44217602),Dillon Dingler,44217602,C,4400,WSH@DET 09/21/2026 06:40PM ET,DET,7.45
,,,,,,,,,,,3B,Kazuma Okamoto (44217604),Kazuma Okamoto,44217604,3B,4300,TOR@BAL 09/21/2026 06:35PM ET,TOR,7.53
,,,,,,,,,,,OF,Luke Keaschall (44217605),Luke Keaschall,44217605,OF,4300,MIN@SF 09/21/2026 09:45PM ET,MIN,7.13
,,,,,,,,,,,OF,Brett Bateman (44217607),Brett Bateman,44217607,OF,4200,TOR@BAL 09/21/2026 06:35PM ET,TOR,8.11
,,,,,,,,,,,C,Eduardo Valencia (44217606),Eduardo Valencia,44217606,C,4200,WSH@DET 09/21/2026 06:40PM ET,DET,7.19
,,,,,,,,,,,OF,Dylan Crews (44217608),Dylan Crews,44217608,OF,4100,WSH@DET 09/21/2026 06:40PM ET,WSH,6.63
,,,,,,,,,,,2B,Gleyber Torres (44217609),Gleyber Torres,44217609,2B,4100,WSH@DET 09/21/2026 06:40PM ET,DET,7.04
,,,,,,,,,,,C,Alejandro Kirk (44217611),Alejandro Kirk,44217611,C,4000,TOR@BAL 09/21/2026 06:35PM ET,TOR,6.77
,,,,,,,,,,,RP,Jose Rodriguez (44217823),Jose Rodriguez,44217823,P,4000,TOR@BAL 09/21/2026 06:35PM ET,TOR,5.4
,,,,,,,,,,,RP,Yimi Garcia (44217827),Yimi Garcia,44217827,P,4000,TOR@BAL 09/21/2026 06:35PM ET,TOR,0
,,,,,,,,,,,RP,Colin Selby (44217828),Colin Selby,44217828,P,4000,TOR@BAL 09/21/2026 06:35PM ET,BAL,0
,,,,,,,,,,,RP,Chad Dallas (44217829),Chad Dallas,44217829,P,4000,TOR@BAL 09/21/2026 06:35PM ET,TOR,6.91
,,,,,,,,,,,RP,John Klein (44217836),John Klein,44217836,P,4000,TOR@BAL 09/21/2026 06:35PM ET,TOR,1.85
,,,,,,,,,,,RP,Yennier Cano (44217840),Yennier Cano,44217840,P,4000,TOR@BAL 09/21/2026 06:35PM ET,BAL,2.14
,,,,,,,,,,,RP,Chase Lee (44217841),Chase Lee,44217841,P,4000,TOR@BAL 09/21/2026 06:35PM ET,TOR,0.34
,,,,,,,,,,,RP,Codi Heuer (44217842),Codi Heuer,44217842,P,4000,TOR@BAL 09/21/2026 06:35PM ET,BAL,1.62
,,,,,,,,,,,RP,Paul Sewald (44217845),Paul Sewald,44217845,P,4000,TOR@BAL 09/21/2026 06:35PM ET,TOR,2.33
,,,,,,,,,,,RP,Tyler Rogers (44217855),Tyler Rogers,44217855,P,4000,TOR@BAL 09/21/2026 06:35PM ET,TOR,2.33
,,,,,,,,,,,RP,Yosver Zulueta (44217863),Yosver Zulueta,44217863,P,4000,TOR@BAL 09/21/2026 06:35PM ET,BAL,0
,,,,,,,,,,,RP,Rico Garcia (44217865),Rico Garcia,44217865,P,4000,TOR@BAL 09/21/2026 06:35PM ET,BAL,2.90
,,,,,,,,,,,RP,Brendan Cellucci (44217871),Brendan Cellucci,44217871,P,4000,TOR@BAL 09/21/2026 06:35PM ET,TOR,5.93
,,,,,,,,,,,RP,Brendon Little (44217882),Brendon Little,44217882,P,4000,TOR@BAL 09/21/2026 06:35PM ET,TOR,2.57
,,,,,,,,,,,RP,Louis Varland (44217886),Louis Varland,44217886,P,4000,TOR@BAL 09/21/2026 06:35PM ET,TOR,4.46
,,,,,,,,,,,RP,Cameron Foster (44217887),Cameron Foster,44217887,P,4000,TOR@BAL 09/21/2026 06:35PM ET,BAL,0.88
,,,,,,,,,,,RP,Felix Bautista (44217888),Felix Bautista,44217888,P,4000,TOR@BAL 09/21/2026 06:35PM ET,BAL,1.7
,,,,,,,,,,,RP,Grant Wolfram (44217889),Grant Wolfram,44217889,P,4000,TOR@BAL 09/21/2026 06:35PM ET,BAL,2.83
,,,,,,,,,,,RP,Joe Mantiply (44217890),Joe Mantiply,44217890,P,4000,TOR@BAL 09/21/2026 06:35PM ET,TOR,2.89
,,,,,,,,,,,RP,CJ Van Eyk (44217891),CJ Van Eyk,44217891,P,4000,TOR@BAL 09/21/2026 06:35PM ET,TOR,0.65
,,,,,,,,,,,RP,Andrew Kittredge (44217892),Andrew Kittredge,44217892,P,4000,TOR@BAL 09/21/2026 06:35PM ET,BAL,2.21
,,,,,,,,,,,RP,Alex Hoppe (44217894),Alex Hoppe,44217894,P,4000,TOR@BAL 09/21/2026 06:35PM ET,BAL,2.71
,,,,,,,,,,,RP,Yaramil Hiraldo (44217897),Yaramil Hiraldo,44217897,P,4000,TOR@BAL 09/21/2026 06:35PM ET,BAL,2.62
,,,,,,,,,,,RP,Josh Walker (44217898),Josh Walker,44217898,P,4000,TOR@BAL 09/21/2026 06:35PM ET,BAL,3.20
,,,,,,,,,,,RP,Ryan Helsley (44217900),Ryan Helsley,44217900,P,4000,TOR@BAL 09/21/2026 06:35PM ET,BAL,2.9
,,,,,,,,,,,RP,Anthony Nunez (44217901),Anthony Nunez,44217901,P,4000,TOR@BAL 09/21/2026 06:35PM ET,BAL,3.55
,,,,,,,,,,,RP,Cam Sanders (44217902),Cam Sanders,44217902,P,4000,TOR@BAL 09/21/2026 06:35PM ET,BAL,3.12
,,,,,,,,,,,RP,Jacob Waguespack (44217830),Jacob Waguespack,44217830,P,4000,WSH@DET 09/21/2026 06:40PM ET,DET,3.50
,,,,,,,,,,,RP,Sean Guenther (44217831),Sean Guenther,44217831,P,4000,WSH@DET 09/21/2026 06:40PM ET,DET,0
,,,,,,,,,,,RP,Brad Lord (44217832),Brad Lord,44217832,P,4000,WSH@DET 09/21/2026 06:40PM ET,WSH,5.48
,,,,,,,,,,,RP,Riley Cornelio (44217834),Riley Cornelio,44217834,P,4000,WSH@DET 09/21/2026 06:40PM ET,WSH,5.79
,,,,,,,,,,,RP,Burch Smith (44217835),Burch Smith,44217835,P,4000,WSH@DET 09/21/2026 06:40PM ET,DET,3.94
,,,,,,,,,,,RP,Enmanuel De Jesus (44217838),Enmanuel De Jesus,44217838,P,4000,WSH@DET 09/21/2026 06:40PM ET,DET,3.74
,,,,,,,,,,,RP,Cole Henry (44217839),Cole Henry,44217839,P,4000,WSH@DET 09/21/2026 06:40PM ET,WSH,1.87
,,,,,,,,,,,RP,Erik Tolman (44217844),Erik Tolman,44217844,P,4000,WSH@DET 09/21/2026 06:40PM ET,WSH,2.96
,,,,,,,,,,,RP,Brenan Hanifee (44217849),Brenan Hanifee,44217849,P,4000,WSH@DET 09/21/2026 06:40PM ET,DET,1.08
,,,,,,,,,,,RP,PJ Poulin (44217851),PJ Poulin,44217851,P,4000,WSH@DET 09/21/2026 06:40PM ET,WSH,2.72
,,,,,,,,,,,RP,Yovanny Cruz (44217852),Yovanny Cruz,44217852,P,4000,WSH@DET 09/21/2026 06:40PM ET,WSH,1.62
,,,,,,,,,,,RP,Gus Varland (44217856),Gus Varland,44217856,P,4000,WSH@DET 09/21/2026 06:40PM ET,WSH,1.59
,,,,,,,,,,,RP,Kyle Nicolas (44217857),Kyle Nicolas,44217857,P,4000,WSH@DET 09/21/2026 06:40PM ET,WSH,1.13
,,,,,,,,,,,RP,Beau Brieske (44217858),Beau Brieske,44217858,P,4000,WSH@DET 09/21/2026 06:40PM ET,DET,3.43
,,,,,,,,,,,RP,Bailey Horn (44217860),Bailey Horn,44217860,P,4000,WSH@DET 09/21/2026 06:40PM ET,DET,0
,,,,,,,,,,,RP,Kenley Jansen (44217862),Kenley Jansen,44217862,P,4000,WSH@DET 09/21/2026 06:40PM ET,DET,3.12
,,,,,,,,,,,RP,Drew Sommers (44217867),Drew Sommers,44217867,P,4000,WSH@DET 09/21/2026 06:40PM ET,DET,3.71
,,,,,,,,,,,RP,Kyle Finnegan (44217868),Kyle Finnegan,44217868,P,4000,WSH@DET 09/21/2026 06:40PM ET,DET,1.95
,,,,,,,,,,,RP,Brant Hurter (44217869),Brant Hurter,44217869,P,4000,WSH@DET 09/21/2026 06:40PM ET,DET,3.28
,,,,,,,,,,,RP,Will Vest (44217876),Will Vest,44217876,P,4000,WSH@DET 09/21/2026 06:40PM ET,DET,2.44
,,,,,,,,,,,RP,Orlando Ribalta (44217877),Orlando Ribalta,44217877,P,4000,WSH@DET 09/21/2026 06:40PM ET,WSH,2.61
,,,,,,,,,,,RP,Jack Sinclair (44217883),Jack Sinclair,44217883,P,4000,WSH@DET 09/21/2026 06:40PM ET,WSH,3.04
,,,,,,,,,,,RP,Tyler Kinley (44217884),Tyler Kinley,44217884,P,4000,WSH@DET 09/21/2026 06:40PM ET,DET,2.68
,,,,,,,,,,,RP,Jake Bird (44217885),Jake Bird,44217885,P,4000,WSH@DET 09/21/2026 06:40PM ET,WSH,2.07
,,,,,,,,,,,RP,Clayton Beeter (44217893),Clayton Beeter,44217893,P,4000,WSH@DET 09/21/2026 06:40PM ET,WSH,2.72
,,,,,,,,,,,RP,Richard Lovelady (44217899),Richard Lovelady,44217899,P,4000,WSH@DET 09/21/2026 06:40PM ET,WSH,2.21
,,,,,,,,,,,1B,Bryce Eldridge (44217610),Bryce Eldridge,44217610,1B,4000,MIN@SF 09/21/2026 09:45PM ET,SF,7.61
,,,,,,,,,,,RP,Seth Lonsway (44217824),Seth Lonsway,44217824,P,4000,MIN@SF 09/21/2026 09:45PM ET,SF,1.5
,,,,,,,,,,,RP,Rowan Wick (44217825),Rowan Wick,44217825,P,4000,MIN@SF 09/21/2026 09:45PM ET,SF,0
,,,,,,,,,,,RP,Grant Hartwig (44217826),Grant Hartwig,44217826,P,4000,MIN@SF 09/21/2026 09:45PM ET,MIN,0
,,,,,,,,,,,RP,Joel Peguero (44217833),Joel Peguero,44217833,P,4000,MIN@SF 09/21/2026 09:45PM ET,SF,1.81
,,,,,,,,,,,RP,Braxton Roxby (44217837),Braxton Roxby,44217837,P,4000,MIN@SF 09/21/2026 09:45PM ET,SF,0.75
,,,,,,,,,,,RP,Trent Harris (44217843),Trent Harris,44217843,P,4000,MIN@SF 09/21/2026 09:45PM ET,SF,4.03
,,,,,,,,,,,RP,Jason Foley (44217846),Jason Foley,44217846,P,4000,MIN@SF 09/21/2026 09:45PM ET,SF,2.29
,,,,,,,,,,,RP,A.J. Minter (44217847),A.J. Minter,44217847,P,4000,MIN@SF 09/21/2026 09:45PM ET,MIN,2.96
,,,,,,,,,,,RP,Andrew Morris (44217848),Andrew Morris,44217848,P,4000,MIN@SF 09/21/2026 09:45PM ET,MIN,2.88
,,,,,,,,,,,RP,Philip Abner (44217850),Philip Abner,44217850,P,4000,MIN@SF 09/21/2026 09:45PM ET,SF,1.04
,,,,,,,,,,,RP,Randy Rodriguez (44217853),Randy Rodriguez,44217853,P,4000,MIN@SF 09/21/2026 09:45PM ET,SF,0
,,,,,,,,,,,RP,Sam Hentges (44217854),Sam Hentges,44217854,P,4000,MIN@SF 09/21/2026 09:45PM ET,SF,2.12
,,,,,,,,,,,RP,Duncan Davitt (44217859),Duncan Davitt,44217859,P,4000,MIN@SF 09/21/2026 09:45PM ET,SF,2.92
,,,,,,,,,,,RP,Ryan Walker (44217861),Ryan Walker,44217861,P,4000,MIN@SF 09/21/2026 09:45PM ET,SF,0.96
,,,,,,,,,,,RP,Garrett Acton (44217864),Garrett Acton,44217864,P,4000,MIN@SF 09/21/2026 09:45PM ET,MIN,4.56
,,,,,,,,,,,RP,Travis Adams (44217866),Travis Adams,44217866,P,4000,MIN@SF 09/21/2026 09:45PM ET,MIN,3.74
,,,,,,,,,,,SP,Yunior Marte (44217870),Yunior Marte,44217870,P,4000,MIN@SF 09/21/2026 09:45PM ET,SF,7.32
,,,,,,,,,,,RP,Tommy Nance (44217872),Tommy Nance,44217872,P,4000,MIN@SF 09/21/2026 09:45PM ET,MIN,3.18
,,,,,,,,,,,RP,Kody Funderburk (44217873),Kody Funderburk,44217873,P,4000,MIN@SF 09/21/2026 09:45PM ET,MIN,2.36
,,,,,,,,,,,RP,Reiver Sanmartin (44217874),Reiver Sanmartin,44217874,P,4000,MIN@SF 09/21/2026 09:45PM ET,SF,2.28
,,,,,,,,,,,RP,Woo Suk Go (44217875),Woo Suk Go,44217875,P,4000,MIN@SF 09/21/2026 09:45PM ET,MIN,1.25
,,,,,,,,,,,RP,Matt Gage (44217878),Matt Gage,44217878,P,4000,MIN@SF 09/21/2026 09:45PM ET,SF,1.76
,,,,,,,,,,,RP,Jeff Hoffman (44217879),Jeff Hoffman,44217879,P,4000,MIN@SF 09/21/2026 09:45PM ET,MIN,3.82
,,,,,,,,,,,RP,Eric Orze (44217880),Eric Orze,44217880,P,4000,MIN@SF 09/21/2026 09:45PM ET,MIN,2.28
,,,,,,,,,,,RP,Taylor Rogers (44217881),Taylor Rogers,44217881,P,4000,MIN@SF 09/21/2026 09:45PM ET,MIN,2.25
,,,,,,,,,,,RP,Cole Sands (44217895),Cole Sands,44217895,P,4000,MIN@SF 09/21/2026 09:45PM ET,MIN,1.42
,,,,,,,,,,,RP,Anthony Banda (44217896),Anthony Banda,44217896,P,4000,MIN@SF 09/21/2026 09:45PM ET,MIN,2.18
,,,,,,,,,,,RP,Joel Kuhnel (44217903),Joel Kuhnel,44217903,P,4000,MIN@SF 09/21/2026 09:45PM ET,SF,1.55
,,,,,,,,,,,C,Samuel Basallo (44217613),Samuel Basallo,44217613,C,3900,TOR@BAL 09/21/2026 06:35PM ET,BAL,5.86
,,,,,,,,,,,3B,Brooks Lee (44217612),Brooks Lee,44217612,3B,3900,MIN@SF 09/21/2026 09:45PM ET,MIN,7.16
,,,,,,,,,,,OF,Dylan Beavers (44217616),Dylan Beavers,44217616,OF,3800,TOR@BAL 09/21/2026 06:35PM ET,BAL,5.52
,,,,,,,,,,,2B/OF,Jonah Cox (44217614),Jonah Cox,44217614,2B/OF,3800,MIN@SF 09/21/2026 09:45PM ET,SF,5.64
,,,,,,,,,,,OF,Kerry Carpenter (44217692),Kerry Carpenter,44217692,OF,3700,WSH@DET 09/21/2026 06:40PM ET,DET,5.27
,,,,,,,,,,,1B,Josh Bell (44217617),Josh Bell,44217617,1B,3700,MIN@SF 09/21/2026 09:45PM ET,MIN,7.26
,,,,,,,,,,,OF,Jung Hoo Lee (44217618),Jung Hoo Lee,44217618,OF,3700,MIN@SF 09/21/2026 09:45PM ET,SF,6.82
,,,,,,,,,,,1B,Spencer Torkelson (44217619),Spencer Torkelson,44217619,1B,3600,WSH@DET 09/21/2026 06:40PM ET,DET,6.52
,,,,,,,,,,,OF,Max Clark (44217620),Max Clark,44217620,OF,3600,WSH@DET 09/21/2026 06:40PM ET,DET,7.67
,,,,,,,,,,,OF,Trevor Larnach (44217693),Trevor Larnach,44217693,OF,3600,MIN@SF 09/21/2026 09:45PM ET,MIN,6.30
,,,,,,,,,,,2B,Jackson Holliday (44217694),Jackson Holliday,44217694,2B,3500,TOR@BAL 09/21/2026 06:35PM ET,BAL,5.63
,,,,,,,,,,,C,Harry Ford (44217621),Harry Ford,44217621,C,3500,WSH@DET 09/21/2026 06:40PM ET,WSH,5.17
,,,,,,,,,,,3B,Brady House (44217623),Brady House,44217623,3B,3500,WSH@DET 09/21/2026 06:40PM ET,WSH,6.39
,,,,,,,,,,,1B,Royce Lewis (44217622),Royce Lewis,44217622,1B,3500,MIN@SF 09/21/2026 09:45PM ET,MIN,6.81
,,,,,,,,,,,2B/SS,Ernie Clement (44217627),Ernie Clement,44217627,2B/SS,3400,TOR@BAL 09/21/2026 06:35PM ET,TOR,5.82
,,,,,,,,,,,OF,Luis Robert Jr. (44217695),Luis Robert Jr.,44217695,OF,3400,TOR@BAL 09/21/2026 06:35PM ET,BAL,6.34
,,,,,,,,,,,2B/3B,Hao-Yu Lee (44217625),Hao-Yu Lee,44217625,2B/3B,3400,WSH@DET 09/21/2026 06:40PM ET,DET,5.37
,,,,,,,,,,,C,Keibert Ruiz (44217629),Keibert Ruiz,44217629,C,3400,WSH@DET 09/21/2026 06:40PM ET,WSH,6.24
,,,,,,,,,,,OF,Turner Hill (44217624),Turner Hill,44217624,OF,3400,MIN@SF 09/21/2026 09:45PM ET,SF,6.17
,,,,,,,,,,,SS,Andres Gimenez (44217630),Andres Gimenez,44217630,SS,3300,TOR@BAL 09/21/2026 06:35PM ET,TOR,5.57
,,,,,,,,,,,OF,Leody Taveras (44217631),Leody Taveras,44217631,OF,3300,TOR@BAL 09/21/2026 06:35PM ET,BAL,5.50
,,,,,,,,,,,3B/OF,Addison Barger (44217696),Addison Barger,44217696,3B/OF,3300,TOR@BAL 09/21/2026 06:35PM ET,TOR,2.56
,,,,,,,,,,,OF,Jacob Young (44217632),Jacob Young,44217632,OF,3300,WSH@DET 09/21/2026 06:40PM ET,WSH,6
,,,,,,,,,,,OF,Austin Martin (44217633),Austin Martin,44217633,OF,3300,MIN@SF 09/21/2026 09:45PM ET,MIN,4.81
,,,,,,,,,,,2B/OF,Jeremiah Jackson (44217634),Jeremiah Jackson,44217634,2B/OF,3200,TOR@BAL 09/21/2026 06:35PM ET,BAL,4.44
,,,,,,,,,,,SS,John Peck (44217636),John Peck,44217636,SS,3200,WSH@DET 09/21/2026 06:40PM ET,DET,4.84
,,,,,,,,,,,1B,Yohandy Morales (44217637),Yohandy Morales,44217637,1B,3200,WSH@DET 09/21/2026 06:40PM ET,WSH,7.08
,,,,,,,,,,,OF,Drew Gilbert (44217638),Drew Gilbert,44217638,OF,3200,MIN@SF 09/21/2026 09:45PM ET,SF,4.89
,,,,,,,,,,,SS,Willy Adames (44217698),Willy Adames,44217698,SS,3200,MIN@SF 09/21/2026 09:45PM ET,SF,7.04
,,,,,,,,,,,C,Brandon Valenzuela (44217639),Brandon Valenzuela,44217639,C,3100,TOR@BAL 09/21/2026 06:35PM ET,TOR,4.52
,,,,,,,,,,,1B,Colt Keith (44217640),Colt Keith,44217640,1B,3100,WSH@DET 09/21/2026 06:40PM ET,DET,5.02
,,,,,,,,,,,OF,Wenceel Perez (44217699),Wenceel Perez,44217699,OF,3100,WSH@DET 09/21/2026 06:40PM ET,DET,5.09
,,,,,,,,,,,OF,Walker Jenkins (44217641),Walker Jenkins,44217641,OF,3100,MIN@SF 09/21/2026 09:45PM ET,MIN,6.05
,,,,,,,,,,,2B/3B,Shay Whitcomb (44217642),Shay Whitcomb,44217642,2B/3B,3100,MIN@SF 09/21/2026 09:45PM ET,SF,3.02
,,,,,,,,,,,SS,Kaelen Culpepper (44217700),Kaelen Culpepper,44217700,SS,3100,MIN@SF 09/21/2026 09:45PM ET,MIN,6.39
,,,,,,,,,,,OF,Nathan Lukes (44217644),Nathan Lukes,44217644,OF,3000,TOR@BAL 09/21/2026 06:35PM ET,TOR,5.45
,,,,,,,,,,,2B/3B,Blaze Alexander (44217702),Blaze Alexander,44217702,2B/3B,3000,TOR@BAL 09/21/2026 06:35PM ET,BAL,5.69
,,,,,,,,,,,SS,Nasim Nunez (44217645),Nasim Nunez,44217645,SS,3000,WSH@DET 09/21/2026 06:40PM ET,WSH,5.69
,,,,,,,,,,,2B/OF,Javier Baez (44217647),Javier Baez,44217647,2B/OF,3000,WSH@DET 09/21/2026 06:40PM ET,DET,4.87
,,,,,,,,,,,OF,Matt Vierling (44217701),Matt Vierling,44217701,OF,3000,WSH@DET 09/21/2026 06:40PM ET,DET,4.50
,,,,,,,,,,,OF,Emmanuel Rodriguez (44217646),Emmanuel Rodriguez,44217646,OF,3000,MIN@SF 09/21/2026 09:45PM ET,MIN,5.33
,,,,,,,,,,,C,Yohel Pozo (44217649),Yohel Pozo,44217649,C,2900,TOR@BAL 09/21/2026 06:35PM ET,BAL,2.14
,,,,,,,,,,,2B/OF,Charles McAdoo (44217652),Charles McAdoo,44217652,2B/OF,2900,TOR@BAL 09/21/2026 06:35PM ET,TOR,4.61
,,,,,,,,,,,1B/3B,Andres Chaparro (44217650),Andres Chaparro,44217650,1B/3B,2900,WSH@DET 09/21/2026 06:40PM ET,WSH,5.60
,,,,,,,,,,,OF,Parker Meadows (44217704),Parker Meadows,44217704,OF,2900,WSH@DET 09/21/2026 06:40PM ET,DET,5.42
,,,,,,,,,,,OF,Colton Cowser (44217658),Colton Cowser,44217658,OF,2800,TOR@BAL 09/21/2026 06:35PM ET,BAL,4.51
,,,,,,,,,,,OF,Tyler O'Neill (44217706),Tyler O'Neill,44217706,OF,2800,TOR@BAL 09/21/2026 06:35PM ET,BAL,4.75
,,,,,,,,,,,2B/OF,Jose Tena (44217656),Jose Tena,44217656,2B/OF,2800,WSH@DET 09/21/2026 06:40PM ET,WSH,4.10
,,,,,,,,,,,OF,Zach McKinstry (44217659),Zach McKinstry,44217659,OF,2800,WSH@DET 09/21/2026 06:40PM ET,DET,4.35
,,,,,,,,,,,1B/C,Victor Caratini (44217654),Victor Caratini,44217654,C/1B,2800,MIN@SF 09/21/2026 09:45PM ET,MIN,4.98
,,,,,,,,,,,SS,Marcelo Mayer (44217705),Marcelo Mayer,44217705,SS,2800,MIN@SF 09/21/2026 09:45PM ET,SF,4.44
,,,,,,,,,,,OF,Yohendrick Pinango (44217707),Yohendrick Pinango,44217707,OF,2700,TOR@BAL 09/21/2026 06:35PM ET,TOR,4.64
,,,,,,,,,,,OF,Ben Malgeri (44217663),Ben Malgeri,44217663,OF,2700,WSH@DET 09/21/2026 06:40PM ET,DET,4.11
,,,,,,,,,,,2B/3B,Osleivis Basabe (44217660),Osleivis Basabe,44217660,2B/3B,2700,MIN@SF 09/21/2026 09:45PM ET,SF,4.60
,,,,,,,,,,,SS,Christian Koss (44217662),Christian Koss,44217662,SS,2700,MIN@SF 09/21/2026 09:45PM ET,SF,4.42
,,,,,,,,,,,2B/SS,Ryan Kreidler (44217664),Ryan Kreidler,44217664,2B/SS,2600,MIN@SF 09/21/2026 09:45PM ET,MIN,4.15
,,,,,,,,,,,OF,Victor Bericoto (44217666),Victor Bericoto,44217666,OF,2600,MIN@SF 09/21/2026 09:45PM ET,SF,4.78
,,,,,,,,,,,OF,Alan Roden (44217667),Alan Roden,44217667,OF,2600,MIN@SF 09/21/2026 09:45PM ET,MIN,4.66
,,,,,,,,,,,C/OF,Jesus Rodriguez (44217708),Jesus Rodriguez,44217708,C/OF,2600,MIN@SF 09/21/2026 09:45PM ET,SF,4.68
,,,,,,,,,,,OF,Rece Hinds (44217670),Rece Hinds,44217670,OF,2500,TOR@BAL 09/21/2026 06:35PM ET,BAL,2.83
,,,,,,,,,,,OF,Myles Straw (44217671),Myles Straw,44217671,OF,2500,TOR@BAL 09/21/2026 06:35PM ET,TOR,3.49
,,,,,,,,,,,OF,Jonatan Clase (44217710),Jonatan Clase,44217710,OF,2500,TOR@BAL 09/21/2026 06:35PM ET,TOR,6.44
,,,,,,,,,,,OF,Heston Kjerstad (44217713),Heston Kjerstad,44217713,OF,2500,TOR@BAL 09/21/2026 06:35PM ET,BAL,1.82
,,,,,,,,,,,2B/3B,Jorbit Vivas (44217668),Jorbit Vivas,44217668,2B/3B,2500,WSH@DET 09/21/2026 06:40PM ET,WSH,4.22
,,,,,,,,,,,C,Drew Millas (44217712),Drew Millas,44217712,C,2500,WSH@DET 09/21/2026 06:40PM ET,WSH,3.72
,,,,,,,,,,,OF,Grant McCray (44217672),Grant McCray,44217672,OF,2500,MIN@SF 09/21/2026 09:45PM ET,SF,3.72
,,,,,,,,,,,1B/C,Alex Jackson (44217673),Alex Jackson,44217673,C/1B,2500,MIN@SF 09/21/2026 09:45PM ET,MIN,3.64
,,,,,,,,,,,C,Daniel Susac (44217711),Daniel Susac,44217711,C,2500,MIN@SF 09/21/2026 09:45PM ET,SF,4.62
,,,,,,,,,,,2B/OF,Josh Smith (44217675),Josh Smith,44217675,2B/OF,2400,TOR@BAL 09/21/2026 06:35PM ET,TOR,4.47
,,,,,,,,,,,2B,Luis Urias (44217714),Luis Urias,44217714,2B,2400,TOR@BAL 09/21/2026 06:35PM ET,TOR,4
,,,,,,,,,,,1B,Abimelec Ortiz (44217677),Abimelec Ortiz,44217677,1B,2400,WSH@DET 09/21/2026 06:40PM ET,WSH,4.61
,,,,,,,,,,,C,Andrew Knizner (44217678),Andrew Knizner,44217678,C,2400,MIN@SF 09/21/2026 09:45PM ET,SF,3.88
,,,,,,,,,,,OF,Christian Franklin (44217679),Christian Franklin,44217679,OF,2300,TOR@BAL 09/21/2026 06:35PM ET,BAL,3
,,,,,,,,,,,1B,Sean Keys (44217680),Sean Keys,44217680,1B,2300,TOR@BAL 09/21/2026 06:35PM ET,TOR,4.3
,,,,,,,,,,,OF,Anthony Santander (44217716),Anthony Santander,44217716,OF,2300,TOR@BAL 09/21/2026 06:35PM ET,TOR,0
,,,,,,,,,,,SS,Trey Sweeney (44217715),Trey Sweeney,44217715,SS,2300,WSH@DET 09/21/2026 06:40PM ET,DET,0
,,,,,,,,,,,OF,Andrew Pinckney (44217717),Andrew Pinckney,44217717,OF,2300,WSH@DET 09/21/2026 06:40PM ET,WSH,3.65
,,,,,,,,,,,OF,Scott Bandura (44217681),Scott Bandura,44217681,OF,2300,MIN@SF 09/21/2026 09:45PM ET,SF,3.14
,,,,,,,,,,,OF,Brett Callahan (44217682),Brett Callahan,44217682,OF,2200,WSH@DET 09/21/2026 06:40PM ET,DET,3.36
,,,,,,,,,,,C,Drew Cavanaugh (44217683),Drew Cavanaugh,44217683,C,2200,MIN@SF 09/21/2026 09:45PM ET,SF,3.43
,,,,,,,,,,,SS,Ben Ross (44217684),Ben Ross,44217684,SS,2200,MIN@SF 09/21/2026 09:45PM ET,MIN,3.5
,,,,,,,,,,,2B/OF,Davis Schneider (44217685),Davis Schneider,44217685,2B/OF,2100,TOR@BAL 09/21/2026 06:35PM ET,TOR,3.23
,,,,,,,,,,,OF/SS,Jose Barrero (44217687),Jose Barrero,44217687,SS/OF,2100,TOR@BAL 09/21/2026 06:35PM ET,BAL,0
,,,,,,,,,,,C,Carlos Narvaez (44217691),Carlos Narvaez,44217691,C,2000,TOR@BAL 09/21/2026 06:35PM ET,BAL,3.03
,,,,,,,,,,,3B,Jordan Westburg (44217718),Jordan Westburg,44217718,3B,2000,TOR@BAL 09/21/2026 06:35PM ET,BAL,0
,,,,,,,,,,,1B,Ryan Mountcastle (44217719),Ryan Mountcastle,44217719,1B,2000,TOR@BAL 09/21/2026 06:35PM ET,BAL,2.25
,,,,,,,,,,,OF,Rudy Martin Jr. (44217723),Rudy Martin Jr.,44217723,OF,2000,TOR@BAL 09/21/2026 06:35PM ET,TOR,1
,,,,,,,,,,,C,Shawn Ross (44217725),Shawn Ross,44217725,C,2000,TOR@BAL 09/21/2026 06:35PM ET,TOR,8
,,,,,,,,,,,1B/3B,Juan Yepez (44217727),Juan Yepez,44217727,1B/3B,2000,TOR@BAL 09/21/2026 06:35PM ET,TOR,0
,,,,,,,,,,,OF,Reed Trimble (44217730),Reed Trimble,44217730,OF,2000,TOR@BAL 09/21/2026 06:35PM ET,BAL,0
,,,,,,,,,,,C,Thayron Liranzo (44217729),Thayron Liranzo,44217729,C,2000,WSH@DET 09/21/2026 06:40PM ET,DET,0
,,,,,,,,,,,OF,Corey Julks (44217735),Corey Julks,44217735,OF,2000,WSH@DET 09/21/2026 06:40PM ET,DET,2.5
,,,,,,,,,,,3B,Jace Jung (44217738),Jace Jung,44217738,3B,2000,WSH@DET 09/21/2026 06:40PM ET,DET,3
,,,,,,,,,,,1B/3B,Brett Harris (44217689),Brett Harris,44217689,1B/3B,2000,MIN@SF 09/21/2026 09:45PM ET,SF,2
,,,,,,,,,,,1B,Rafael Devers (44217720),Rafael Devers,44217720,1B,2000,MIN@SF 09/21/2026 09:45PM ET,SF,8.66
,,,,,,,,,,,3B,Casey Schmitt (44217721),Casey Schmitt,44217721,3B,2000,MIN@SF 09/21/2026 09:45PM ET,SF,8.02
,,,,,,,,,,,OF,Harrison Bader (44217722),Harrison Bader,44217722,OF,2000,MIN@SF 09/21/2026 09:45PM ET,SF,5.17
,,,,,,,,,,,C,Zach Morgan (44217724),Zach Morgan,44217724,C,2000,MIN@SF 09/21/2026 09:45PM ET,SF,0
,,,,,,,,,,,OF,Hendry Mendez (44217726),Hendry Mendez,44217726,OF,2000,MIN@SF 09/21/2026 09:45PM ET,MIN,0
,,,,,,,,,,,OF,Byron Buxton (44217731),Byron Buxton,44217731,OF,2000,MIN@SF 09/21/2026 09:45PM ET,MIN,8.89
,,,,,,,,,,,3B,Matt Chapman (44217732),Matt Chapman,44217732,3B,2000,MIN@SF 09/21/2026 09:45PM ET,SF,6.44
,,,,,,,,,,,OF,Matt Wallner (44217733),Matt Wallner,44217733,OF,2000,MIN@SF 09/21/2026 09:45PM ET,MIN,5.06
,,,,,,,,,,,OF,Gabriel Gonzalez (44217734),Gabriel Gonzalez,44217734,OF,2000,MIN@SF 09/21/2026 09:45PM ET,MIN,2.29
,,,,,,,,,,,SS,Tristan Gray (44217736),Tristan Gray,44217736,SS,2000,MIN@SF 09/21/2026 09:45PM ET,MIN,4.20
,,,,,,,,,,,2B,Nate Furman (44217737),Nate Furman,44217737,2B,2000,MIN@SF 09/21/2026 09:45PM ET,SF,1.46
